<?xml version="1.0" encoding="UTF-8"?>
<metadata xml:lang="en"><Esri><CreaDate>20160930</CreaDate><CreaTime>12370600</CreaTime><SyncOnce>FALSE</SyncOnce><SyncDate>20160930</SyncDate><SyncTime>09594300</SyncTime><ModDate>20160930</ModDate><ModTime>09594300</ModTime><ArcGISstyle>FGDC CSDGM Metadata</ArcGISstyle><DataProperties><itemProps><itemLocation><linkage Sync="TRUE">file://\\CARSONVM\C$\Users\Carson\Desktop\SeattleReady\Processed\Data_Snugget\9_24\Flood_DamInundation</linkage><protocol Sync="TRUE">Local Area Network</protocol></itemLocation><itemName Sync="TRUE">Dam_Inund_Merge</itemName><imsContentType Sync="TRUE">002</imsContentType></itemProps><copyHistory><copy source="C:\Users\Carson\Desktop\SeattleReady\Processed\DMINUND\Flood_DamInundation" dest="\\CARSONVM\C$\Users\Carson\Desktop\SeattleReady\Processed\Data_Snugget\9_24\Flood_DamInundation" date="20160930" time="12370600"></copy></copyHistory><coordRef><type Sync="TRUE">Projected</type><geogcsn Sync="TRUE">GCS_North_American_1983</geogcsn><csUnits Sync="TRUE">Linear Unit: Meter (1.000000)</csUnits><projcsn Sync="TRUE">NAD_1983_StatePlane_Washington_North_FIPS_4601</projcsn><peXml Sync="TRUE">&lt;ProjectedCoordinateSystem xsi:type='typens:ProjectedCoordinateSystem' xmlns:xsi='http://www.w3.org/2001/XMLSchema-instance' xmlns:xs='http://www.w3.org/2001/XMLSchema' xmlns:typens='http://www.esri.com/schemas/ArcGIS/10.3'&gt;&lt;WKT&gt;PROJCS[&amp;quot;NAD_1983_StatePlane_Washington_North_FIPS_4601&amp;quot;,GEOGCS[&amp;quot;GCS_North_American_1983&amp;quot;,DATUM[&amp;quot;D_North_American_1983&amp;quot;,SPHEROID[&amp;quot;GRS_1980&amp;quot;,6378137.0,298.257222101]],PRIMEM[&amp;quot;Greenwich&amp;quot;,0.0],UNIT[&amp;quot;Degree&amp;quot;,0.0174532925199433]],PROJECTION[&amp;quot;Lambert_Conformal_Conic&amp;quot;],PARAMETER[&amp;quot;False_Easting&amp;quot;,500000.0],PARAMETER[&amp;quot;False_Northing&amp;quot;,0.0],PARAMETER[&amp;quot;Central_Meridian&amp;quot;,-120.8333333333333],PARAMETER[&amp;quot;Standard_Parallel_1&amp;quot;,47.5],PARAMETER[&amp;quot;Standard_Parallel_2&amp;quot;,48.73333333333333],PARAMETER[&amp;quot;Latitude_Of_Origin&amp;quot;,47.0],UNIT[&amp;quot;Meter&amp;quot;,1.0],AUTHORITY[&amp;quot;EPSG&amp;quot;,32148]]&lt;/WKT&gt;&lt;XOrigin&gt;-35693500&lt;/XOrigin&gt;&lt;YOrigin&gt;-30339800&lt;/YOrigin&gt;&lt;XYScale&gt;10000&lt;/XYScale&gt;&lt;ZOrigin&gt;-100000&lt;/ZOrigin&gt;&lt;ZScale&gt;10000&lt;/ZScale&gt;&lt;MOrigin&gt;-100000&lt;/MOrigin&gt;&lt;MScale&gt;10000&lt;/MScale&gt;&lt;XYTolerance&gt;0.001&lt;/XYTolerance&gt;&lt;ZTolerance&gt;0.001&lt;/ZTolerance&gt;&lt;MTolerance&gt;0.001&lt;/MTolerance&gt;&lt;HighPrecision&gt;true&lt;/HighPrecision&gt;&lt;WKID&gt;32148&lt;/WKID&gt;&lt;LatestWKID&gt;32148&lt;/LatestWKID&gt;&lt;/ProjectedCoordinateSystem&gt;</peXml></coordRef><lineage><Process ToolSource="c:\program files (x86)\arcgis\desktop10.3\ArcToolbox\Toolboxes\Analysis Tools.tbx\Clip" Date="20160930" Time="093205">Clip SFTrd_inundation_pmf kingco "C:\Users\Carson\Desktop\SeattleReady\Processed\DMINUND\Dam Inund.gdb\Worst_case\sftrd_inund_pmf_clip" #</Process><Process ToolSource="c:\program files (x86)\arcgis\desktop10.3\ArcToolbox\Toolboxes\Data Management Tools.tbx\CalculateField" Date="20160930" Time="095321">CalculateField sftrd_inund_pmf_clip SCENARIO "The failure innundation for a PMF condition scenario." VB #</Process><Process ToolSource="c:\program files (x86)\arcgis\desktop10.3\ArcToolbox\Toolboxes\Data Management Tools.tbx\CalculateField" Date="20160930" Time="095336">CalculateField sftrd_inund_pmf_clip SCENARIO "PMF" VB #</Process><Process ToolSource="c:\program files (x86)\arcgis\desktop10.3\ArcToolbox\Toolboxes\Analysis Tools.tbx\SymDiff" Date="20160930" Time="095831">SymDiff sftrd_inund_pmf_clip CulmbackDamInundArea "C:\Users\Carson\Desktop\SeattleReady\Processed\DMINUND\Dam Inund.gdb\Worst_case\sftrd_inund_pmf_symdiff" ALL #</Process><Process ToolSource="c:\program files (x86)\arcgis\desktop10.3\ArcToolbox\Toolboxes\Data Management Tools.tbx\Merge" Date="20160930" Time="095943">Merge sftrd_inund_pmf_symdiff;LY_FloodRisk_Children_dissolve;CulmbackDamInundArea "C:\Users\Carson\Desktop\SeattleReady\Processed\DMINUND\Dam Inund.gdb\Worst_case\Dam_Inund_Merge" "FID_sftrd_inund_pmf_clip "FID_sftrd_inund_pmf_clip" true true false 4 Long 0 0 ,First,#,sftrd_inund_pmf_symdiff,FID_sftrd_inund_pmf_clip,-1,-1;AREA "AREA" true true false 8 Double 0 0 ,First,#,sftrd_inund_pmf_symdiff,AREA,-1,-1;PERIMETER "PERIMETER" true true false 8 Double 0 0 ,First,#,sftrd_inund_pmf_symdiff,PERIMETER,-1,-1;PROJECT "PROJECT" true true false 10 Text 0 0 ,First,#,sftrd_inund_pmf_symdiff,PROJECT,-1,-1;DAM_NAME "DAM_NAME" true true false 30 Text 0 0 ,First,#,sftrd_inund_pmf_symdiff,DAM_NAME,-1,-1;SCENARIO "SCENARIO" true true false 10 Text 0 0 ,First,#,sftrd_inund_pmf_symdiff,SCENARIO,-1,-1;DAM "DAM" true true false 50 Text 0 0 ,First,#,sftrd_inund_pmf_symdiff,DAM,-1,-1,CulmbackDamInundArea,DAM,-1,-1;FID_CulmbackDamInundArea "FID_CulmbackDamInundArea" true true false 4 Long 0 0 ,First,#,sftrd_inund_pmf_symdiff,FID_CulmbackDamInundArea,-1,-1;CONDITION "CONDITION" true true false 2 Short 0 0 ,First,#,sftrd_inund_pmf_symdiff,CONDITION,-1,-1,CulmbackDamInundArea,CONDITION,-1,-1;Shape_Leng "Shape_Leng" true true false 8 Double 0 0 ,First,#,sftrd_inund_pmf_symdiff,Shape_Leng,-1,-1,CulmbackDamInundArea,Shape_Leng,-1,-1;DAM_1 "DAM" true true false 50 Text 0 0 ,First,#,sftrd_inund_pmf_symdiff,DAM_1,-1,-1;Shape_Length "Shape_Length" false true true 8 Double 0 0 ,First,#,sftrd_inund_pmf_symdiff,Shape_Length,-1,-1,LY_FloodRisk_Children_dissolve,Shape_Length,-1,-1,CulmbackDamInundArea,Shape_Length,-1,-1;Shape_Area "Shape_Area" false true true 8 Double 0 0 ,First,#,sftrd_inund_pmf_symdiff,Shape_Area,-1,-1,LY_FloodRisk_Children_dissolve,Shape_Area,-1,-1,CulmbackDamInundArea,Shape_Area,-1,-1;GRIDCODE "GRIDCODE" true true false 8 Double 0 0 ,First,#,LY_FloodRisk_Children_dissolve,GRIDCODE,-1,-1;ZONE_ "ZONE_" true true false 30 Text 0 0 ,First,#,LY_FloodRisk_Children_dissolve,ZONE_,-1,-1"</Process><Process ToolSource="c:\program files (x86)\arcgis\desktop10.3\ArcToolbox\Toolboxes\Data Management Tools.tbx\DeleteField" Date="20160930" Time="100129">DeleteField Dam_Inund_Merge AREA;PERIMETER;PROJECT</Process><Process ToolSource="c:\program files (x86)\arcgis\desktop10.3\ArcToolbox\Toolboxes\Data Management Tools.tbx\CalculateField" Date="20160930" Time="100209">CalculateField Dam_Inund_Merge DAM_NAME "Culmback Dam" VB #</Process><Process ToolSource="c:\program files (x86)\arcgis\desktop10.3\ArcToolbox\Toolboxes\Data Management Tools.tbx\CalculateField" Date="20160930" Time="100227">CalculateField Dam_Inund_Merge DAM_NAME "Lake Youngs Dam" VB #</Process><Process ToolSource="c:\program files (x86)\arcgis\desktop10.3\ArcToolbox\Toolboxes\Data Management Tools.tbx\CalculateField" Date="20160930" Time="101136">CalculateField Dam_Inund_Merge SCENARIO "PMF" VB #</Process><Process ToolSource="c:\program files (x86)\arcgis\desktop10.3\ArcToolbox\Toolboxes\Data Management Tools.tbx\CalculateField" Date="20160930" Time="101201">CalculateField Dam_Inund_Merge CONDITION 0 VB #</Process><Process ToolSource="c:\program files (x86)\arcgis\desktop10.3\ArcToolbox\Toolboxes\Data Management Tools.tbx\CalculateField" Date="20160930" Time="101638">CalculateField Dam_Inund_Merge ZONE_ "Probable Maximum Flood" VB #</Process></lineage></DataProperties><ArcGISFormat>1.0</ArcGISFormat></Esri><idinfo><native Sync="TRUE">Microsoft Windows XP Version 5.1 (Build 2600) Service Pack 3; ESRI ArcCatalog 9.3.1.3500</native><descript><langdata Sync="TRUE">en</langdata><abstract>SFTRD_INUNDATION_PMF - South Fork Tolt River Dam Inundation PMF:   The failure innundation polygon for a PMF condition scenario.</abstract><supplinf>The inundated areas shown reflect events of an extremely remote nature.  These results are not in any way intended to reflect upon the integrity of the South Fork Tolt River Dam.

Because of the methods, procedures, and assumptions used to develop the flooded area, the limits of flooding shown are approximate and should be used only as a guideline for establishing evacuation zones.  Actual areas inundated will depend on actual failure conditions and may differ from areas shown.

For planning purposes only.</supplinf><purpose>This polygon can be used by emergency response personnel to delineate the affected area, which can then be cross-referenced with other GIS layers such as water and sewer lines, electrical lines, roads, bridges, jurisdictional areas, and geocoded addresses, which can be used to automatically generate a call list.
</purpose></descript><citation><citeinfo><origin>REQUIRED: The name of an organization or individual that developed the data set.</origin><pubdate>REQUIRED: The date when the data set is published or otherwise made available for release.</pubdate><title Sync="TRUE">sftrd_inundation_pmf</title><ftname Sync="TRUE">sftrd_inundation_pmf</ftname><geoform Sync="TRUE">vector digital data</geoform><onlink Sync="TRUE">\\INWSTWS1\DATA\HAZUS\King_County\HazardData\DamInundation\KingCounty\sftrd\data\shp\sftrd_inundation_pmf.shp</onlink></citeinfo></citation><timeperd><current>REQUIRED: The basis on which the time period of content information is determined.</current><timeinfo><sngdate><caldate>December 1994</caldate></sngdate></timeinfo></timeperd><status><progress>Complete</progress><update>None planned</update></status><spdom><bounding><westbc Sync="TRUE">-122.229830</westbc><eastbc Sync="TRUE">-121.686604</eastbc><northbc Sync="TRUE">48.073644</northbc><southbc Sync="TRUE">47.537628</southbc></bounding><lboundng><leftbc Sync="TRUE">1298998.250000</leftbc><rightbc Sync="TRUE">1429674.500000</rightbc><bottombc Sync="TRUE">199177.015625</bottombc><topbc Sync="TRUE">392813.500000</topbc></lboundng></spdom><keywords><theme><themekt>REQUIRED: Reference to a formally registered thesaurus or a similar authoritative source of theme keywords.</themekt><themekey>inundation, PMF</themekey></theme></keywords><accconst>REQUIRED: Restrictions and legal prerequisites for accessing the data set.</accconst><useconst>For planning purposes only</useconst><natvform Sync="TRUE">Shapefile</natvform><datacred>Seattle City Light</datacred></idinfo><dataIdInfo><envirDesc Sync="TRUE">Microsoft Windows 7 Version 6.1 (Build 7601) Service Pack 1; Esri ArcGIS 10.3.0.4322</envirDesc><dataLang><languageCode Sync="TRUE" value="eng"></languageCode><countryCode value="USA" Sync="TRUE"></countryCode></dataLang><idCitation><resTitle Sync="TRUE">Dam_Inund_Merge</resTitle><presForm><PresFormCd Sync="TRUE" value="005"></PresFormCd></presForm></idCitation><spatRpType><SpatRepTypCd Sync="TRUE" value="001"></SpatRepTypCd></spatRpType><dataExt><geoEle><GeoBndBox esriExtentType="native"><westBL Sync="TRUE">1298998.25</westBL><eastBL Sync="TRUE">1429674.5</eastBL><northBL Sync="TRUE">392813.5</northBL><southBL Sync="TRUE">199177.015625</southBL><exTypeCode Sync="TRUE">1</exTypeCode></GeoBndBox></geoEle></dataExt><geoBox esriExtentType="decdegrees"><westBL Sync="TRUE">-122.22983</westBL><eastBL Sync="TRUE">-121.686604</eastBL><northBL Sync="TRUE">48.073644</northBL><southBL Sync="TRUE">47.537628</southBL><exTypeCode Sync="TRUE">1</exTypeCode></geoBox></dataIdInfo><metainfo><langmeta Sync="TRUE">en</langmeta><metstdn Sync="TRUE">FGDC Content Standards for Digital Geospatial Metadata</metstdn><metstdv Sync="TRUE">FGDC-STD-001-1998</metstdv><mettc Sync="TRUE">local time</mettc><metc><cntinfo><cntorgp><cntper>REQUIRED: The person responsible for the metadata information.</cntper><cntorg>REQUIRED: The organization responsible for the metadata information.</cntorg></cntorgp><cntaddr><addrtype>REQUIRED: The mailing and/or physical address for the organization or individual.</addrtype><city>REQUIRED: The city of the address.</city><state>REQUIRED: The state or province of the address.</state><postal>REQUIRED: The ZIP or other postal code of the address.</postal></cntaddr><cntvoice>REQUIRED: The telephone number by which individuals can speak to the organization or individual.</cntvoice></cntinfo></metc><metd Sync="TRUE">20100219</metd></metainfo><mdLang><languageCode Sync="TRUE" value="eng"></languageCode><countryCode value="USA" Sync="TRUE"></countryCode></mdLang><mdStanName Sync="TRUE">ISO 19115 Geographic Information - Metadata</mdStanName><mdStanVer Sync="TRUE">DIS_ESRI1.0</mdStanVer><mdChar><CharSetCd Sync="TRUE" value="004"></CharSetCd></mdChar><mdHrLv><ScopeCd Sync="TRUE" value="005"></ScopeCd></mdHrLv><mdHrLvName Sync="TRUE">dataset</mdHrLvName><distinfo><resdesc Sync="TRUE">Downloadable Data</resdesc><stdorder><digform><digtinfo><transize Sync="TRUE">0.534</transize><dssize Sync="TRUE">0.534</dssize></digtinfo></digform></stdorder></distinfo><distInfo><distributor><distorTran><onLineSrc><orDesc Sync="TRUE">002</orDesc><linkage Sync="TRUE">file://\\INWSTWS1\DATA\HAZUS\King_County\HazardData\DamInundation\KingCounty\sftrd\data\shp\sftrd_inundation_pmf.shp</linkage><protocol Sync="TRUE">Local Area Network</protocol></onLineSrc><transSize Sync="TRUE">0.534</transSize></distorTran><distorFormat><formatName Sync="TRUE">Shapefile</formatName></distorFormat></distributor><distFormat><formatName Sync="TRUE">File Geodatabase Feature Class</formatName></distFormat></distInfo><spdoinfo><direct Sync="TRUE">Vector</direct><ptvctinf><esriterm Name="Dam_Inund_Merge"><efeatyp Sync="TRUE">Simple</efeatyp><efeageom code="4" Sync="TRUE"></efeageom><esritopo Sync="TRUE">FALSE</esritopo><efeacnt Sync="TRUE">0</efeacnt><spindex Sync="TRUE">TRUE</spindex><linrefer Sync="TRUE">TRUE</linrefer></esriterm></ptvctinf></spdoinfo><spatRepInfo><VectSpatRep><geometObjs Name="Dam_Inund_Merge"><geoObjTyp><GeoObjTypCd value="002" Sync="TRUE"></GeoObjTypCd></geoObjTyp><geoObjCnt Sync="TRUE">0</geoObjCnt></geometObjs><topLvl><TopoLevCd value="001" Sync="TRUE"></TopoLevCd></topLvl></VectSpatRep></spatRepInfo><eainfo><detailed Name="Dam_Inund_Merge"><enttyp><enttypl Sync="TRUE">Dam_Inund_Merge</enttypl><enttypt Sync="TRUE">Feature Class</enttypt><enttypc Sync="TRUE">0</enttypc></enttyp><attr><attrlabl Sync="TRUE">OBJECTID</attrlabl><attalias Sync="TRUE">OBJECTID</attalias><attrtype Sync="TRUE">OID</attrtype><attwidth Sync="TRUE">4</attwidth><atprecis Sync="TRUE">0</atprecis><attscale Sync="TRUE">0</attscale><attrdef Sync="TRUE">Internal feature number.</attrdef><attrdefs Sync="TRUE">Esri</attrdefs><attrdomv><udom Sync="TRUE">Sequential unique whole numbers that are automatically generated.</udom></attrdomv></attr><attr><attrlabl Sync="TRUE">Shape</attrlabl><attalias Sync="TRUE">Shape</attalias><attrtype Sync="TRUE">Geometry</attrtype><attwidth Sync="TRUE">0</attwidth><atprecis Sync="TRUE">0</atprecis><attscale Sync="TRUE">0</attscale><attrdef Sync="TRUE">Feature geometry.</attrdef><attrdefs Sync="TRUE">ESRI</attrdefs><attrdomv><udom Sync="TRUE">Coordinates defining the features.</udom></attrdomv></attr><attr><attrlabl Sync="TRUE">FID_sftrd_inund_pmf_clip</attrlabl><attalias Sync="TRUE">FID_sftrd_inund_pmf_clip</attalias><attrtype Sync="TRUE">Integer</attrtype><attwidth Sync="TRUE">4</attwidth><atprecis Sync="TRUE">0</atprecis><attscale Sync="TRUE">0</attscale></attr><attr><attrlabl Sync="TRUE">AREA</attrlabl><attalias Sync="TRUE">AREA</attalias><attrtype Sync="TRUE">Double</attrtype><attwidth Sync="TRUE">8</attwidth><atprecis Sync="TRUE">0</atprecis><attscale Sync="TRUE">0</attscale></attr><attr><attrlabl Sync="TRUE">PERIMETER</attrlabl><attalias Sync="TRUE">PERIMETER</attalias><attrtype Sync="TRUE">Double</attrtype><attwidth Sync="TRUE">8</attwidth><atprecis Sync="TRUE">0</atprecis><attscale Sync="TRUE">0</attscale></attr><attr><attrlabl Sync="TRUE">PROJECT</attrlabl><attalias Sync="TRUE">PROJECT</attalias><attrtype Sync="TRUE">String</attrtype><attwidth Sync="TRUE">10</attwidth><atprecis Sync="TRUE">0</atprecis><attscale Sync="TRUE">0</attscale></attr><attr><attrlabl Sync="TRUE">DAM_NAME</attrlabl><attalias Sync="TRUE">DAM_NAME</attalias><attrtype Sync="TRUE">String</attrtype><attwidth Sync="TRUE">30</attwidth><atprecis Sync="TRUE">0</atprecis><attscale Sync="TRUE">0</attscale></attr><attr><attrlabl Sync="TRUE">SCENARIO</attrlabl><attalias Sync="TRUE">SCENARIO</attalias><attrtype Sync="TRUE">String</attrtype><attwidth Sync="TRUE">10</attwidth><atprecis Sync="TRUE">0</atprecis><attscale Sync="TRUE">0</attscale></attr><attr><attrlabl Sync="TRUE">DAM</attrlabl><attalias Sync="TRUE">DAM</attalias><attrtype Sync="TRUE">String</attrtype><attwidth Sync="TRUE">50</attwidth><atprecis Sync="TRUE">0</atprecis><attscale Sync="TRUE">0</attscale></attr><attr><attrlabl Sync="TRUE">FID_CulmbackDamInundArea</attrlabl><attalias Sync="TRUE">FID_CulmbackDamInundArea</attalias><attrtype Sync="TRUE">Integer</attrtype><attwidth Sync="TRUE">4</attwidth><atprecis Sync="TRUE">0</atprecis><attscale Sync="TRUE">0</attscale></attr><attr><attrlabl Sync="TRUE">CONDITION</attrlabl><attalias Sync="TRUE">CONDITION</attalias><attrtype Sync="TRUE">SmallInteger</attrtype><attwidth Sync="TRUE">2</attwidth><atprecis Sync="TRUE">0</atprecis><attscale Sync="TRUE">0</attscale></attr><attr><attrlabl Sync="TRUE">Shape_Leng</attrlabl><attalias Sync="TRUE">Shape_Leng</attalias><attrtype Sync="TRUE">Double</attrtype><attwidth Sync="TRUE">8</attwidth><atprecis Sync="TRUE">0</atprecis><attscale Sync="TRUE">0</attscale></attr><attr><attrlabl Sync="TRUE">DAM_1</attrlabl><attalias Sync="TRUE">DAM</attalias><attrtype Sync="TRUE">String</attrtype><attwidth Sync="TRUE">50</attwidth><atprecis Sync="TRUE">0</atprecis><attscale Sync="TRUE">0</attscale></attr><attr><attrlabl Sync="TRUE">GRIDCODE</attrlabl><attalias Sync="TRUE">GRIDCODE</attalias><attrtype Sync="TRUE">Double</attrtype><attwidth Sync="TRUE">8</attwidth><atprecis Sync="TRUE">0</atprecis><attscale Sync="TRUE">0</attscale></attr><attr><attrlabl Sync="TRUE">ZONE_</attrlabl><attalias Sync="TRUE">ZONE_</attalias><attrtype Sync="TRUE">String</attrtype><attwidth Sync="TRUE">30</attwidth><atprecis Sync="TRUE">0</atprecis><attscale Sync="TRUE">0</attscale></attr><attr><attrlabl Sync="TRUE">Shape_Length</attrlabl><attalias Sync="TRUE">Shape_Length</attalias><attrtype Sync="TRUE">Double</attrtype><attwidth Sync="TRUE">8</attwidth><atprecis Sync="TRUE">0</atprecis><attscale Sync="TRUE">0</attscale><attrdef Sync="TRUE">Length of feature in internal units.</attrdef><attrdefs Sync="TRUE">Esri</attrdefs><attrdomv><udom Sync="TRUE">Positive real numbers that are automatically generated.</udom></attrdomv></attr><attr><attrlabl Sync="TRUE">Shape_Area</attrlabl><attalias Sync="TRUE">Shape_Area</attalias><attrtype Sync="TRUE">Double</attrtype><attwidth Sync="TRUE">8</attwidth><atprecis Sync="TRUE">0</atprecis><attscale Sync="TRUE">0</attscale><attrdef Sync="TRUE">Area of feature in internal units squared.</attrdef><attrdefs Sync="TRUE">Esri</attrdefs><attrdomv><udom Sync="TRUE">Positive real numbers that are automatically generated.</udom></attrdomv></attr></detailed></eainfo><mdDateSt Sync="TRUE">20160930</mdDateSt><spref><horizsys><cordsysn><geogcsn Sync="TRUE">GCS_North_American_1983_HARN</geogcsn><projcsn Sync="TRUE">NAD_1983_HARN_StatePlane_Washington_North_FIPS_4601_Feet</projcsn></cordsysn><planar><planci><plance Sync="TRUE">coordinate pair</plance><plandu Sync="TRUE">survey feet</plandu><coordrep><absres Sync="TRUE">0.000000</absres><ordres Sync="TRUE">0.000000</ordres></coordrep></planci></planar><geodetic><horizdn Sync="TRUE">D_North_American_1983_HARN</horizdn><ellips Sync="TRUE">Geodetic Reference System 80</ellips><semiaxis Sync="TRUE">6378137.000000</semiaxis><denflat Sync="TRUE">298.257222</denflat></geodetic></horizsys></spref><refSysInfo><RefSystem><refSysID><identCode Sync="TRUE" code="32148">NAD_1983_HARN_StatePlane_Washington_North_FIPS_4601_Feet</identCode><idCodeSpace Sync="TRUE">EPSG</idCodeSpace><idVersion Sync="TRUE">8.2.6</idVersion></refSysID></RefSystem></refSysInfo></metadata>
