<PAMDataset>
  <Metadata />
  <Metadata domain="Esri">
    <MDI key="PyramidResamplingType">NEAREST</MDI>
  </Metadata>
  <PAMRasterBand band="1">
    <GDALRasterAttributeTable>
      <FieldDefn index="0">
        <Name>OBJECTID</Name>
        <Type>0</Type>
        <Usage>0</Usage>
      </FieldDefn>
      <FieldDefn index="1">
        <Name>Value</Name>
        <Type>0</Type>
        <Usage>0</Usage>
      </FieldDefn>
      <FieldDefn index="2">
        <Name>Count</Name>
        <Type>1</Type>
        <Usage>0</Usage>
      </FieldDefn>
      <FieldDefn index="3">
        <Name>Description</Name>
        <Type>2</Type>
        <Usage>0</Usage>
      </FieldDefn>
      <Row index="0">
        <F>1</F>
        <F>0</F>
        <F>39275672</F>
        <F></F>
      </Row>
      <Row index="1">
        <F>2</F>
        <F>2</F>
        <F>620603</F>
        <F>LSR greater than 40pct grade</F>
      </Row>
      <Row index="2">
        <F>3</F>
        <F>3</F>
        <F>5905008</F>
        <F>DPER greater than 40pct grade</F>
      </Row>
      <Row index="3">
        <F>4</F>
        <F>4</F>
        <F>19033917</F>
        <F>DEM greater than 40pct grade</F>
      </Row>
      <Row index="4">
        <F>5</F>
        <F>5</F>
        <F>1130169</F>
        <F>DPER+RVR greater than 40pct grade</F>
      </Row>
      <Row index="5">
        <F>6</F>
        <F>6</F>
        <F>865191</F>
        <F>RVR+DEM greater than 40pct grade</F>
      </Row>
      <Row index="6">
        <F>7</F>
        <F>7</F>
        <F>3756104</F>
        <F>DPER+DEM greater than 40pct grade</F>
      </Row>
      <Row index="7">
        <F>8</F>
        <F>8</F>
        <F>165539</F>
        <F>SEA Slide Prone</F>
      </Row>
      <Row index="8">
        <F>9</F>
        <F>9</F>
        <F>598208</F>
        <F>DPER+RVR+DEM greater than 40pct grade</F>
      </Row>
      <Row index="9">
        <F>10</F>
        <F>12</F>
        <F>50468</F>
        <F>SEA Slide Prone+DEM</F>
      </Row>
    </GDALRasterAttributeTable>
  </PAMRasterBand>
</PAMDataset>
