<?xml version="1.0" encoding="UTF-8"?>
<metadata xml:lang="en"><Esri><CreaDate>20170228</CreaDate><CreaTime>10181500</CreaTime><SyncOnce>FALSE</SyncOnce><SyncDate>20170112</SyncDate><SyncTime>13274900</SyncTime><ModDate>20170112</ModDate><ModTime>13274900</ModTime><DataProperties><lineage><Process ToolSource="D:\Program Files\ArcGIS\ArcToolbox\Toolboxes\Data Management Tools.tbx\CopyFeatures" Date="20051101" Time="110714">CopyFeatures K:\ARCVIEW\AVDATA\COVERS\kslide.shp "Database Connections\ADMIN_DPD_GISP_SPU71.sde\DPD.ECA\DPD.kslide" # 1000 0 0</Process><Process ToolSource="D:\ArcGIS\ArcToolbox\Toolboxes\Data Management Tools.tbx\CopyFeatures" Date="20110526" Time="102833">CopyFeatures "Database Connections\gisuser to gisp.sde\DPD.ECA\DPD.kslide" "Database Connections\dpd to gise.sde\DPD.DPD_kslide" # 0 0 0</Process><Process Name="Add Field" ToolSource="C:\Program Files\ArcGIS\Desktop10.0\ArcToolbox\Toolboxes\Data Management Tools.tbx\AddField" Date="20111110" Time="013140">AddField \\Dpdwind117\GISWork\cgis3\ArcMap\ConnectStrings\DPD_Admin_GISP.sde\DPD.ECA\DPD.kslide FOLIO_ID TEXT # # 50 # NULLABLE NON_REQUIRED #</Process><Process Name="Add Field (2)" ToolSource="C:\Program Files\ArcGIS\Desktop10.0\ArcToolbox\Toolboxes\Data Management Tools.tbx\AddField" Date="20111110" Time="013201">AddField \\Dpdwind117\GISWork\cgis3\ArcMap\ConnectStrings\DPD_Admin_GISP.sde\DPD.ECA\DPD.kslide EVENT_ADDR TEXT # # 254 # NULLABLE NON_REQUIRED #</Process><Process Name="Add Field (3)" ToolSource="C:\Program Files\ArcGIS\Desktop10.0\ArcToolbox\Toolboxes\Data Management Tools.tbx\AddField" Date="20111110" Time="013226">AddField \\Dpdwind117\GISWork\cgis3\ArcMap\ConnectStrings\DPD_Admin_GISP.sde\DPD.ECA\DPD.kslide FIELD_INSP_BY TEXT # # 30 # NULLABLE NON_REQUIRED #</Process><Process Name="Delete Features" ToolSource="C:\Program Files\ArcGIS\Desktop10.0\ArcToolbox\Toolboxes\Data Management Tools.tbx\DeleteFeatures" Date="20111114" Time="111047">DeleteFeatures DPD.kslide</Process><Process Name="Append" ToolSource="C:\Program Files\ArcGIS\Desktop10.0\ArcToolbox\Toolboxes\Data Management Tools.tbx\Append" Date="20111114" Time="111057">Append kslidefgdb DPD.kslide TEST # #</Process><Process Name="Append" ToolSource="C:\Program Files\ArcGIS\Desktop10.0\ArcToolbox\Toolboxes\Data Management Tools.tbx\Append" Date="20111114" Time="111148">Append kslidefgdb DPD.kslide NO_TEST "AREA_ "AREA_" true true false 8 Double 11 18 ,First,#,\\Dpdwind117\GISWork\cgis3\ArcMap\Users\KenMar\UpdateKslide\UpdateDPDKslides.gdb\kslide,AREA_,-1,-1;PERIMETER "PERIMETER" true true false 8 Double 11 18 ,First,#,\\Dpdwind117\GISWork\cgis3\ArcMap\Users\KenMar\UpdateKslide\UpdateDPDKslides.gdb\kslide,PERIMETER,-1,-1;KSLIDE_ "KSLIDE_" true true false 4 Long 0 9 ,First,#,\\Dpdwind117\GISWork\cgis3\ArcMap\Users\KenMar\UpdateKslide\UpdateDPDKslides.gdb\kslide,KSLIDE_,-1,-1;KSLIDE_ID "KSLIDE_ID" true true false 4 Long 0 9 ,First,#,\\Dpdwind117\GISWork\cgis3\ArcMap\Users\KenMar\UpdateKslide\UpdateDPDKslides.gdb\kslide,KSLIDE_ID,-1,-1;KSLIDE "KSLIDE" true true false 1 Text 0 0 ,First,#,\\Dpdwind117\GISWork\cgis3\ArcMap\Users\KenMar\UpdateKslide\UpdateDPDKslides.gdb\kslide,KSLIDE,-1,-1;FOLIO_ID "FOLIO_ID" true true false 50 Text 0 0 ,First,#,\\Dpdwind117\GISWork\cgis3\ArcMap\Users\KenMar\UpdateKslide\UpdateDPDKslides.gdb\kslide,FOLIO_ID,-1,-1;EVENT_ADDR "EVENT_ADDR" true true false 254 Text 0 0 ,First,#,\\Dpdwind117\GISWork\cgis3\ArcMap\Users\KenMar\UpdateKslide\UpdateDPDKslides.gdb\kslide,EVENT_ADDR,-1,-1;FIELD_INSP_BY "FIELD_INSP_BY" true true false 30 Text 0 0 ,First,#,\\Dpdwind117\GISWork\cgis3\ArcMap\Users\KenMar\UpdateKslide\UpdateDPDKslides.gdb\kslide,FIELD_INSP_BY,-1,-1;SHAPE.AREA "SHAPE.AREA" false false true 0 Double 0 0 ,First,#;SHAPE.LEN "SHAPE.LEN" false false true 0 Double 0 0 ,First,#" #</Process><Process Name="Append" ToolSource="C:\Program Files\ArcGIS\Desktop10.0\ArcToolbox\Toolboxes\Data Management Tools.tbx\Append" Date="20111114" Time="111400">Append \\Dpdwind117\GISWork\cgis3\ArcMap\ConnectStrings\DPD_Admin_GIST.sde\DPD.ECA\DPD.kslide DPD.kslide NO_TEST "AREA_ "AREA_" true true false 8 Double 11 18 ,First,#,\\Dpdwind117\GISWork\cgis3\ArcMap\ConnectStrings\DPD_Admin_GIST.sde\DPD.ECA\DPD.kslide,AREA_,-1,-1;PERIMETER "PERIMETER" true true false 8 Double 11 18 ,First,#,\\Dpdwind117\GISWork\cgis3\ArcMap\ConnectStrings\DPD_Admin_GIST.sde\DPD.ECA\DPD.kslide,PERIMETER,-1,-1;KSLIDE_ "KSLIDE_" true true false 4 Long 0 9 ,First,#,\\Dpdwind117\GISWork\cgis3\ArcMap\ConnectStrings\DPD_Admin_GIST.sde\DPD.ECA\DPD.kslide,KSLIDE_,-1,-1;KSLIDE_ID "KSLIDE_ID" true true false 4 Long 0 9 ,First,#,\\Dpdwind117\GISWork\cgis3\ArcMap\ConnectStrings\DPD_Admin_GIST.sde\DPD.ECA\DPD.kslide,KSLIDE_ID,-1,-1;KSLIDE "KSLIDE" true true false 1 Text 0 0 ,First,#,\\Dpdwind117\GISWork\cgis3\ArcMap\ConnectStrings\DPD_Admin_GIST.sde\DPD.ECA\DPD.kslide,KSLIDE,-1,-1;FOLIO_ID "FOLIO_ID" true true false 50 Text 0 0 ,First,#,\\Dpdwind117\GISWork\cgis3\ArcMap\ConnectStrings\DPD_Admin_GIST.sde\DPD.ECA\DPD.kslide,FOLIO_ID,-1,-1;EVENT_ADDR "EVENT_ADDR" true true false 254 Text 0 0 ,First,#;FIELD_INSP_BY "FIELD_INSP_BY" true true false 30 Text 0 0 ,First,#;SHAPE.AREA "SHAPE.AREA" false false true 0 Double 0 0 ,First,#,\\Dpdwind117\GISWork\cgis3\ArcMap\ConnectStrings\DPD_Admin_GIST.sde\DPD.ECA\DPD.kslide,SHAPE.AREA,-1,-1;SHAPE.LEN "SHAPE.LEN" false false true 0 Double 0 0 ,First,#,\\Dpdwind117\GISWork\cgis3\ArcMap\ConnectStrings\DPD_Admin_GIST.sde\DPD.ECA\DPD.kslide,SHAPE.LEN,-1,-1" #</Process><Process Name="Append" ToolSource="C:\Program Files\ArcGIS\Desktop10.0\ArcToolbox\Toolboxes\Data Management Tools.tbx\Append" Date="20111114" Time="112843">Append \\Dpdwind117\GISWork\cgis3\ArcMap\Users\KenMar\UpdateKslide\UpdateDPDKslides.gdb\kslide \\Dpdwind117\GISWork\cgis3\ArcMap\ConnectStrings\DPD_Admin_GISP.sde\DPD.ECA\DPD.kslide NO_TEST "AREA_ "AREA_" true true false 8 Double 11 18 ,First,#,\\Dpdwind117\GISWork\cgis3\ArcMap\Users\KenMar\UpdateKslide\UpdateDPDKslides.gdb\kslide,AREA_,-1,-1;PERIMETER "PERIMETER" true true false 8 Double 11 18 ,First,#,\\Dpdwind117\GISWork\cgis3\ArcMap\Users\KenMar\UpdateKslide\UpdateDPDKslides.gdb\kslide,PERIMETER,-1,-1;KSLIDE_ "KSLIDE_" true true false 4 Long 0 9 ,First,#,\\Dpdwind117\GISWork\cgis3\ArcMap\Users\KenMar\UpdateKslide\UpdateDPDKslides.gdb\kslide,KSLIDE_,-1,-1;KSLIDE_ID "KSLIDE_ID" true true false 4 Long 0 9 ,First,#,\\Dpdwind117\GISWork\cgis3\ArcMap\Users\KenMar\UpdateKslide\UpdateDPDKslides.gdb\kslide,KSLIDE_ID,-1,-1;KSLIDE "KSLIDE" true true false 1 Text 0 0 ,First,#,\\Dpdwind117\GISWork\cgis3\ArcMap\Users\KenMar\UpdateKslide\UpdateDPDKslides.gdb\kslide,KSLIDE,-1,-1;SE_ANNO_CAD_DATA "SE_ANNO_CAD_DATA" true true false 0 Blob 0 0 ,First,#,\\Dpdwind117\GISWork\cgis3\ArcMap\Users\KenMar\UpdateKslide\UpdateDPDKslides.gdb\kslide,SE_ANNO_CAD_DATA,-1,-1;FOLIO_ID "FOLIO_ID" true true false 50 Text 0 0 ,First,#,\\Dpdwind117\GISWork\cgis3\ArcMap\Users\KenMar\UpdateKslide\UpdateDPDKslides.gdb\kslide,FOLIO_ID,-1,-1;EVENT_ADDR "EVENT_ADDR" true true false 254 Text 0 0 ,First,#,\\Dpdwind117\GISWork\cgis3\ArcMap\Users\KenMar\UpdateKslide\UpdateDPDKslides.gdb\kslide,EVENT_ADDR,-1,-1;FIELD_INSP_BY "FIELD_INSP_BY" true true false 30 Text 0 0 ,First,#,\\Dpdwind117\GISWork\cgis3\ArcMap\Users\KenMar\UpdateKslide\UpdateDPDKslides.gdb\kslide,FIELD_INSP_BY,-1,-1;SHAPE.AREA "SHAPE.AREA" false false true 0 Double 0 0 ,First,#;SHAPE.LEN "SHAPE.LEN" false false true 0 Double 0 0 ,First,#" #</Process><Process ToolSource="C:\Program Files\ArcGIS\Desktop10.0\ArcToolbox\Toolboxes\Data Management Tools.tbx\DeleteFeatures" Date="20111114" Time="113041">DeleteFeatures DPD.kslideP</Process><Process ToolSource="c:\program files (x86)\arcgis\desktop10.3\ArcToolbox\Toolboxes\Data Management Tools.tbx\CalculateField" Date="20170110" Time="154053">CalculateField Sea_Known_Slide_Areas KSLIDE 300 VB #</Process><Process ToolSource="c:\program files (x86)\arcgis\desktop10.3\ArcToolbox\Toolboxes\Data Management Tools.tbx\CalculateField" Date="20170110" Time="154122">CalculateField Sea_Known_Slide_Areas KSLIDE "Seattle Known Slide" VB #</Process><Process ToolSource="c:\program files (x86)\arcgis\desktop10.3\ArcToolbox\Toolboxes\Data Management Tools.tbx\CalculateField" Date="20170110" Time="154213">CalculateField Sea_Known_Slide_Areas KSLIDE 8 VB #</Process><Process ToolSource="c:\program files (x86)\arcgis\desktop10.3\ArcToolbox\Toolboxes\Data Management Tools.tbx\CalculateField" Date="20170110" Time="154240">CalculateField Sea_Known_Slide_Areas Descrip "Seattle Known Slides" VB #</Process><Process ToolSource="c:\program files (x86)\arcgis\desktop10.3\ArcToolbox\Toolboxes\Analysis Tools.tbx\Union" Date="20170110" Time="154501">Union "Sea_Known_Slide_Areas #;Unincorplsd_in_riverstd_union_lsr_slide_rxavalanche #;Unincorp_lsd_outside_riverstdy_clip #" C:\Users\Carson\Desktop\SeattleReady\Processed\LNSLD\Landslide2.gdb\Sea_Unincorp_RvrStdy_Landslide_Union4 ALL # GAPS</Process><Process ToolSource="c:\program files (x86)\arcgis\desktop10.3\ArcToolbox\Toolboxes\Data Management Tools.tbx\CalculateField" Date="20170110" Time="154612">CalculateField Sea_Unincorp_RvrStdy_Landslide_Union4 Description [Descrip] VB #</Process><Process ToolSource="c:\program files (x86)\arcgis\desktop10.3\ArcToolbox\Toolboxes\Data Management Tools.tbx\CalculateField" Date="20170110" Time="154639">CalculateField Sea_Unincorp_RvrStdy_Landslide_Union4 Description [Descrip_1] VB #</Process><Process ToolSource="c:\program files (x86)\arcgis\desktop10.3\ArcToolbox\Toolboxes\Data Management Tools.tbx\CalculateField" Date="20170112" Time="125054">CalculateField Sea_Unincorp_RvrStdy_Landslide_Union4 Descrip_2 "Known Slides in the City of Seattle from previous study" VB #</Process><Process ToolSource="c:\program files (x86)\arcgis\desktop10.3\ArcToolbox\Toolboxes\Data Management Tools.tbx\CalculateField" Date="20170112" Time="125217">CalculateField Sea_Unincorp_RvrStdy_Landslide_Union4 Descrip_2 "DPER 2016 Study in unincorporated King County. Areas identified as having landslide features" VB #</Process><Process ToolSource="c:\program files (x86)\arcgis\desktop10.3\ArcToolbox\Toolboxes\Data Management Tools.tbx\Dissolve" Date="20170112" Time="131311">Dissolve Sea_Unincorp_RvrStdy_Landslide_Union4 C:\Users\Carson\Desktop\SeattleReady\Processed\LNSLD\Landslide2.gdb\Sea_Unincorp_RvrStdy_Landslide_Union4_dissolve Description;Descrip_2 # MULTI_PART DISSOLVE_LINES</Process><Process ToolSource="c:\program files (x86)\arcgis\desktop10.3\ArcToolbox\Toolboxes\Analysis Tools.tbx\Union" Date="20170112" Time="132755">Union "Sea_Unincorp_RvrStdy_Landslide_Union4_dissolve #;AllStudy_AllSlide_SymDiff_newdata2 #" C:\Users\Carson\Desktop\SeattleReady\Processed\LNSLD\Landslide2.gdb\Landslides_Sea_UnincorpKCo_Rvr_Union ALL # GAPS</Process><Process ToolSource="c:\program files (x86)\arcgis\desktop10.3\ArcToolbox\Toolboxes\Data Management Tools.tbx\CalculateField" Date="20170112" Time="132827">CalculateField Landslides_Sea_UnincorpKCo_Rvr_Union Status [Description] VB #</Process><Process ToolSource="c:\program files (x86)\arcgis\desktop10.3\ArcToolbox\Toolboxes\Data Management Tools.tbx\CalculateField" Date="20170112" Time="140007">CalculateField Landslides_Sea_UnincorpKCo_Rvr_Union Description [Status] VB #</Process><Process ToolSource="c:\program files (x86)\arcgis\desktop10.3\ArcToolbox\Toolboxes\Data Management Tools.tbx\CalculateField" Date="20170112" Time="151811">CalculateField Landslides_Sea_UnincorpKCo_Rvr_Union Descrip_2 [Status] VB #</Process><Process ToolSource="c:\program files (x86)\arcgis\desktop10.3\ArcToolbox\Toolboxes\Data Management Tools.tbx\CalculateField" Date="20170112" Time="153659">CalculateField Landslides_Sea_UnincorpKCo_Rvr_Union Description_1 [Descrip_2] VB #</Process></lineage><itemProps><itemName Sync="TRUE">Landslides_Sea_UnincorpKCo_Rvr_Union</itemName><imsContentType Sync="TRUE">002</imsContentType><nativeExtBox><westBL Sync="TRUE">-122.419511</westBL><eastBL Sync="TRUE">-122.240715</eastBL><southBL Sync="TRUE">47.497364</southBL><northBL Sync="TRUE">47.732737</northBL><exTypeCode Sync="TRUE">1</exTypeCode></nativeExtBox><itemSize Sync="TRUE">0.197</itemSize><itemLocation><linkage Sync="TRUE">file://\\CARSONVM\C$\Users\Carson\Desktop\SeattleReady\Processed\LNSLD\Landslide2.gdb</linkage><protocol Sync="TRUE">Local Area Network</protocol></itemLocation></itemProps><coordRef><type Sync="TRUE">Geographic</type><geogcsn Sync="TRUE">GCS_WGS_1984</geogcsn><csUnits Sync="TRUE">Angular Unit: Degree (0.017453)</csUnits><peXml Sync="TRUE">&lt;GeographicCoordinateSystem xsi:type='typens:GeographicCoordinateSystem' xmlns:xsi='http://www.w3.org/2001/XMLSchema-instance' xmlns:xs='http://www.w3.org/2001/XMLSchema' xmlns:typens='http://www.esri.com/schemas/ArcGIS/10.3'&gt;&lt;WKT&gt;GEOGCS[&amp;quot;GCS_WGS_1984&amp;quot;,DATUM[&amp;quot;D_WGS_1984&amp;quot;,SPHEROID[&amp;quot;WGS_1984&amp;quot;,6378137.0,298.257223563]],PRIMEM[&amp;quot;Greenwich&amp;quot;,0.0],UNIT[&amp;quot;Degree&amp;quot;,0.0174532925199433],AUTHORITY[&amp;quot;EPSG&amp;quot;,4326]]&lt;/WKT&gt;&lt;XOrigin&gt;-400&lt;/XOrigin&gt;&lt;YOrigin&gt;-400&lt;/YOrigin&gt;&lt;XYScale&gt;1111948722.2222221&lt;/XYScale&gt;&lt;ZOrigin&gt;-100000&lt;/ZOrigin&gt;&lt;ZScale&gt;10000&lt;/ZScale&gt;&lt;MOrigin&gt;-100000&lt;/MOrigin&gt;&lt;MScale&gt;10000&lt;/MScale&gt;&lt;XYTolerance&gt;8.983152841195215e-009&lt;/XYTolerance&gt;&lt;ZTolerance&gt;0.001&lt;/ZTolerance&gt;&lt;MTolerance&gt;0.001&lt;/MTolerance&gt;&lt;HighPrecision&gt;true&lt;/HighPrecision&gt;&lt;LeftLongitude&gt;-180&lt;/LeftLongitude&gt;&lt;WKID&gt;4326&lt;/WKID&gt;&lt;LatestWKID&gt;4326&lt;/LatestWKID&gt;&lt;/GeographicCoordinateSystem&gt;</peXml></coordRef></DataProperties><ArcGISFormat>1.0</ArcGISFormat><ArcGISstyle>Item Description</ArcGISstyle></Esri><idinfo><native Sync="TRUE">Microsoft Windows XP Version 5.1 (Build 2600) Service Pack 3; ESRI ArcCatalog 9.3.1.3000</native><descript><langdata Sync="TRUE">en</langdata><abstract>This layer is based on known slide events from City records including those in the right of ways and private property.  It has not been updated since its creation circa. 1995.  The areas identified were table digitized from a wall size dot map which was subsequently superimposed on larger 200 scale maps from which they were digitized.</abstract><purpose>To implement and regulate the City of Seattle's Environmentally Critical Areas policies.</purpose></descript><citation><citeinfo><origin>REQUIRED: The name of an organization or individual that developed the data set.</origin><pubdate>REQUIRED: The date when the data set is published or otherwise made available for release.</pubdate><title Sync="TRUE">DPD.kslide</title><ftname Sync="TRUE">DPD.kslide</ftname><geoform Sync="TRUE">vector digital data</geoform><onlink Sync="TRUE">Server=spu71; Service=5151; User=dpd; Version=SDE.DEFAULT</onlink></citeinfo></citation><timeperd><current>publication date</current><timeinfo><sngdate><caldate>1995</caldate></sngdate></timeinfo></timeperd><status><progress>Complete</progress><update>None planned</update></status><spdom><bounding><westbc Sync="TRUE">-122.421919</westbc><eastbc Sync="TRUE">-122.240357</eastbc><northbc Sync="TRUE">47.733213</northbc><southbc Sync="TRUE">47.495175</southbc></bounding><lboundng><leftbc Sync="TRUE">1249500.999932</leftbc><rightbc Sync="TRUE">1292617.417508</rightbc><bottombc Sync="TRUE">184642.077324</bottombc><topbc Sync="TRUE">270647.266140</topbc></lboundng></spdom><keywords><theme><themekt>REQUIRED: Reference to a formally registered thesaurus or a similar authoritative source of theme keywords.</themekt><themekey>Environmental, Land Slide</themekey><themekey>ECA</themekey></theme></keywords><accconst>none</accconst><useconst>none</useconst><natvform Sync="TRUE">SDE Feature Class</natvform><ptcontac><cntinfo><cntperp><cntper>Ken Mar</cntper><cntorg>DPD</cntorg></cntperp><cntpos>GIS systems analyst</cntpos><cntvoice>2066845020</cntvoice></cntinfo></ptcontac></idinfo><dataIdInfo><envirDesc Sync="TRUE">Microsoft Windows 7 Version 6.1 (Build 7601) Service Pack 1; Esri ArcGIS 10.3.0.4322</envirDesc><dataLang><languageCode Sync="TRUE" value="eng"></languageCode><countryCode value="USA" Sync="TRUE"></countryCode></dataLang><idCitation><resTitle Sync="TRUE">Landslides_Sea_UnincorpKCo_Rvr_Union</resTitle><presForm><PresFormCd Sync="TRUE" value="005"></PresFormCd></presForm></idCitation><spatRpType><SpatRepTypCd Sync="TRUE" value="001"></SpatRepTypCd></spatRpType><dataExt><geoEle><GeoBndBox esriExtentType="native"><westBL Sync="TRUE">1249500.999932</westBL><eastBL Sync="TRUE">1292617.417508</eastBL><northBL Sync="TRUE">270647.26614</northBL><southBL Sync="TRUE">184642.077324</southBL><exTypeCode Sync="TRUE">1</exTypeCode></GeoBndBox></geoEle></dataExt><geoBox esriExtentType="decdegrees"><westBL Sync="TRUE">-122.421919</westBL><eastBL Sync="TRUE">-122.240357</eastBL><northBL Sync="TRUE">47.733213</northBL><southBL Sync="TRUE">47.495175</southBL><exTypeCode Sync="TRUE">1</exTypeCode></geoBox><dataExt><geoEle><GeoBndBox esriExtentType="search"><exTypeCode Sync="TRUE">1</exTypeCode><westBL Sync="TRUE">-122.419511</westBL><eastBL Sync="TRUE">-122.240715</eastBL><northBL Sync="TRUE">47.732737</northBL><southBL Sync="TRUE">47.497364</southBL></GeoBndBox></geoEle></dataExt></dataIdInfo><metainfo><langmeta Sync="TRUE">en</langmeta><metstdn Sync="TRUE">FGDC Content Standards for Digital Geospatial Metadata</metstdn><metstdv Sync="TRUE">FGDC-STD-001-1998</metstdv><mettc Sync="TRUE">local time</mettc><metc><cntinfo><cntorgp><cntper>REQUIRED: The person responsible for the metadata information.</cntper><cntorg>REQUIRED: The organization responsible for the metadata information.</cntorg></cntorgp><cntaddr><addrtype>REQUIRED: The mailing and/or physical address for the organization or individual.</addrtype><city>REQUIRED: The city of the address.</city><state>REQUIRED: The state or province of the address.</state><postal>REQUIRED: The ZIP or other postal code of the address.</postal></cntaddr><cntvoice>REQUIRED: The telephone number by which individuals can speak to the organization or individual.</cntvoice></cntinfo></metc><metd Sync="TRUE">20111109</metd></metainfo><mdLang><languageCode Sync="TRUE" value="eng"></languageCode><countryCode value="USA" Sync="TRUE"></countryCode></mdLang><mdStanName Sync="TRUE">ISO 19115 Geographic Information - Metadata</mdStanName><mdStanVer Sync="TRUE">DIS_ESRI1.0</mdStanVer><mdChar><CharSetCd Sync="TRUE" value="004"></CharSetCd></mdChar><mdHrLv><ScopeCd Sync="TRUE" value="005"></ScopeCd></mdHrLv><mdHrLvName Sync="TRUE">dataset</mdHrLvName><distinfo><resdesc Sync="TRUE">Downloadable Data</resdesc></distinfo><distInfo><distributor><distorTran><onLineSrc><orDesc Sync="TRUE">002</orDesc><linkage Sync="TRUE">Server=spu71; Service=5151; User=dpd; Version=SDE.DEFAULT</linkage><protocol Sync="TRUE">ArcSDE Connection</protocol></onLineSrc></distorTran><distorFormat><formatName Sync="TRUE">SDE Feature Class</formatName></distorFormat></distributor><distFormat><formatName Sync="TRUE">File Geodatabase Feature Class</formatName></distFormat><distTranOps><transSize Sync="TRUE">0.197</transSize></distTranOps></distInfo><spdoinfo><direct Sync="TRUE">Vector</direct><ptvctinf><esriterm Name="Landslides_Sea_UnincorpKCo_Rvr_Union"><efeatyp Sync="TRUE">Simple</efeatyp><efeageom code="4" Sync="TRUE"></efeageom><esritopo Sync="TRUE">FALSE</esritopo><efeacnt Sync="TRUE">0</efeacnt><spindex Sync="TRUE">TRUE</spindex><linrefer Sync="TRUE">FALSE</linrefer></esriterm></ptvctinf></spdoinfo><spref><horizsys><cordsysn><geogcsn Sync="TRUE">GCS_North_American_1983_HARN</geogcsn><projcsn Sync="TRUE">NAD_1983_HARN_StatePlane_Washington_North_FIPS_4601_Feet</projcsn></cordsysn><geodetic><horizdn Sync="TRUE">D_North_American_1983_HARN</horizdn><ellips Sync="TRUE">Geodetic Reference System 80</ellips><semiaxis Sync="TRUE">6378137.000000</semiaxis><denflat Sync="TRUE">298.257222</denflat></geodetic></horizsys><vertdef><altsys><altenc Sync="TRUE">Explicit elevation coordinate included with horizontal coordinates</altenc><altres Sync="TRUE">1.000000</altres></altsys></vertdef></spref><refSysInfo><RefSystem><refSysID><identCode Sync="TRUE" code="4326">NAD_1983_HARN_StatePlane_Washington_North_FIPS_4601_Feet</identCode><idCodeSpace Sync="TRUE">EPSG</idCodeSpace><idVersion Sync="TRUE">8.2.6</idVersion></refSysID></RefSystem></refSysInfo><spatRepInfo><VectSpatRep><geometObjs Name="Landslides_Sea_UnincorpKCo_Rvr_Union"><geoObjTyp><GeoObjTypCd value="002" Sync="TRUE"></GeoObjTypCd></geoObjTyp><geoObjCnt Sync="TRUE">0</geoObjCnt></geometObjs><topLvl><TopoLevCd value="001" Sync="TRUE"></TopoLevCd></topLvl></VectSpatRep></spatRepInfo><eainfo><detailed Name="Landslides_Sea_UnincorpKCo_Rvr_Union"><enttyp><enttypl Sync="TRUE">Landslides_Sea_UnincorpKCo_Rvr_Union</enttypl><enttypt Sync="TRUE">Feature Class</enttypt><enttypc Sync="TRUE">0</enttypc></enttyp><attr><attrlabl Sync="TRUE">OBJECTID</attrlabl><attalias Sync="TRUE">OBJECTID</attalias><attrtype Sync="TRUE">OID</attrtype><attwidth Sync="TRUE">4</attwidth><atprecis Sync="TRUE">0</atprecis><attscale Sync="TRUE">0</attscale><attrdef Sync="TRUE">Internal feature number.</attrdef><attrdefs Sync="TRUE">ESRI</attrdefs><attrdomv><udom Sync="TRUE">Sequential unique whole numbers that are automatically generated.</udom></attrdomv></attr><attr><attrlabl Sync="TRUE">SHAPE</attrlabl><attalias Sync="TRUE">Shape</attalias><attrtype Sync="TRUE">Geometry</attrtype><attwidth Sync="TRUE">0</attwidth><atprecis Sync="TRUE">0</atprecis><attscale Sync="TRUE">0</attscale><attrdef Sync="TRUE">Feature geometry.</attrdef><attrdefs Sync="TRUE">ESRI</attrdefs><attrdomv><udom Sync="TRUE">Coordinates defining the features.</udom></attrdomv></attr><attr><attrlabl Sync="TRUE">FID_Sea_Unincorp_RvrStdy_Landslide_Union4_dissolve</attrlabl><attalias Sync="TRUE">FID_Sea_Unincorp_RvrStdy_Landslide_Union4_dissolve</attalias><attrtype Sync="TRUE">Integer</attrtype><attwidth Sync="TRUE">4</attwidth><atprecis Sync="TRUE">0</atprecis><attscale Sync="TRUE">0</attscale></attr><attr><attrlabl Sync="TRUE">Description</attrlabl><attalias Sync="TRUE">Description</attalias><attrtype Sync="TRUE">String</attrtype><attwidth Sync="TRUE">100</attwidth><atprecis Sync="TRUE">0</atprecis><attscale Sync="TRUE">0</attscale></attr><attr><attrlabl Sync="TRUE">Descrip_2</attrlabl><attalias Sync="TRUE">Descrip_2</attalias><attrtype Sync="TRUE">String</attrtype><attwidth Sync="TRUE">500</attwidth><atprecis Sync="TRUE">0</atprecis><attscale Sync="TRUE">0</attscale></attr><attr><attrlabl Sync="TRUE">FID_AllStudy_AllSlide_SymDiff_newdata2</attrlabl><attalias Sync="TRUE">FID_AllStudy_AllSlide_SymDiff_newdata2</attalias><attrtype Sync="TRUE">Integer</attrtype><attwidth Sync="TRUE">4</attwidth><atprecis Sync="TRUE">0</atprecis><attscale Sync="TRUE">0</attscale></attr><attr><attrlabl Sync="TRUE">Status</attrlabl><attalias Sync="TRUE">Status</attalias><attrtype Sync="TRUE">String</attrtype><attwidth Sync="TRUE">100</attwidth><atprecis Sync="TRUE">0</atprecis><attscale Sync="TRUE">0</attscale></attr><attr><attrlabl Sync="TRUE">Description_1</attrlabl><attalias Sync="TRUE">Description</attalias><attrtype Sync="TRUE">String</attrtype><attwidth Sync="TRUE">100</attwidth><atprecis Sync="TRUE">0</atprecis><attscale Sync="TRUE">0</attscale></attr><attr><attrlabl Sync="TRUE">Shape_Length</attrlabl><attalias Sync="TRUE">Shape_Length</attalias><attrtype Sync="TRUE">Double</attrtype><attwidth Sync="TRUE">8</attwidth><atprecis Sync="TRUE">0</atprecis><attscale Sync="TRUE">0</attscale><attrdef Sync="TRUE">Length of feature in internal units.</attrdef><attrdefs Sync="TRUE">Esri</attrdefs><attrdomv><udom Sync="TRUE">Positive real numbers that are automatically generated.</udom></attrdomv></attr><attr><attrlabl Sync="TRUE">SHAPE_AREA</attrlabl><attalias Sync="TRUE">Shape_Area</attalias><attrtype Sync="TRUE">Double</attrtype><attwidth Sync="TRUE">8</attwidth><atprecis Sync="TRUE">0</atprecis><attscale Sync="TRUE">0</attscale><attrdef Sync="TRUE">Area of feature in internal units squared.</attrdef><attrdefs Sync="TRUE">Esri</attrdefs><attrdomv><udom Sync="TRUE">Positive real numbers that are automatically generated.</udom></attrdomv></attr></detailed><overview><eaover>Three new fields were added 11/9/2011 to reference slide case files held by SPU and DPD geotechnical engineering sections.
FOLIO_ID      text 40   :  represents the ID to slide files from DPD and SPU filing IDs
EVENT_ADDR   text 254  :  event address
FIELD_INSP_BY   text 30  :  field inspected by DPD staff initials and/or City department</eaover></overview></eainfo><mdDateSt Sync="TRUE">20170112</mdDateSt><dataqual><lineage><procstep><procdesc Sync="TRUE">Metadata imported.</procdesc><srcused Sync="TRUE">D:\tmp_export_DPD.DPD_kslide.xml</srcused><procdate Sync="TRUE">20110602</procdate><proctime Sync="TRUE">16203100</proctime></procstep></lineage></dataqual></metadata>
